"ecosystem"	"package"	"version"	"license"	"license_files"	"status"
"cargo"	"adler2"	"2.0.1"	"0BSD OR MIT OR Apache-2.0"	"adler2_2.0.1__LICENSE-0BSD;adler2_2.0.1__LICENSE-APACHE;adler2_2.0.1__LICENSE-MIT"	"included"
"cargo"	"aho-corasick"	"1.1.5"	"Unlicense OR MIT"	"aho-corasick_1.1.5__COPYING;aho-corasick_1.1.5__LICENSE-MIT"	"included"
"cargo"	"alloc-no-stdlib"	"2.0.4"	"BSD-3-Clause"	"alloc-no-stdlib_2.0.4__LICENSE"	"included"
"cargo"	"alloc-stdlib"	"0.2.4"	"BSD-3-Clause"	""	"missing"
"cargo"	"anyhow"	"1.0.104"	"MIT OR Apache-2.0"	"anyhow_1.0.104__LICENSE-APACHE;anyhow_1.0.104__LICENSE-MIT"	"included"
"cargo"	"atomic-waker"	"1.1.2"	"Apache-2.0 OR MIT"	"atomic-waker_1.1.2__LICENSE-APACHE;atomic-waker_1.1.2__LICENSE-MIT;atomic-waker_1.1.2__LICENSE-THIRD-PARTY"	"included"
"cargo"	"autocfg"	"1.5.1"	"Apache-2.0 OR MIT"	"autocfg_1.5.1__LICENSE-APACHE;autocfg_1.5.1__LICENSE-MIT"	"included"
"cargo"	"base64"	"0.22.1"	"MIT OR Apache-2.0"	"base64_0.22.1__LICENSE-APACHE;base64_0.22.1__LICENSE-MIT"	"included"
"cargo"	"base64"	"0.23.1"	"MIT OR Apache-2.0"	"base64_0.23.1__LICENSE-APACHE;base64_0.23.1__LICENSE-MIT"	"included"
"cargo"	"bit-set"	"0.8.0"	"Apache-2.0 OR MIT"	"bit-set_0.8.0__LICENSE-APACHE;bit-set_0.8.0__LICENSE-MIT"	"included"
"cargo"	"bit-vec"	"0.8.0"	"Apache-2.0 OR MIT"	"bit-vec_0.8.0__LICENSE-APACHE;bit-vec_0.8.0__LICENSE-MIT"	"included"
"cargo"	"bitflags"	"1.3.2"	"MIT/Apache-2.0"	"bitflags_1.3.2__LICENSE-APACHE;bitflags_1.3.2__LICENSE-MIT"	"included"
"cargo"	"bitflags"	"2.13.2"	"MIT OR Apache-2.0"	"bitflags_2.13.2__LICENSE-APACHE;bitflags_2.13.2__LICENSE-MIT"	"included"
"cargo"	"block-buffer"	"0.10.4"	"MIT OR Apache-2.0"	"block-buffer_0.10.4__LICENSE-APACHE;block-buffer_0.10.4__LICENSE-MIT"	"included"
"cargo"	"brotli"	"8.0.4"	"BSD-3-Clause AND MIT"	"brotli_8.0.4__LICENSE.BSD-3-Clause;brotli_8.0.4__LICENSE.MIT"	"included"
"cargo"	"brotli-decompressor"	"5.0.3"	"BSD-3-Clause/MIT"	"brotli-decompressor_5.0.3__LICENSE"	"included"
"cargo"	"bs58"	"0.5.1"	"MIT/Apache-2.0"	"bs58_0.5.1__LICENSE-APACHE;bs58_0.5.1__LICENSE-MIT"	"included"
"cargo"	"byteorder"	"1.5.0"	"Unlicense OR MIT"	"byteorder_1.5.0__COPYING;byteorder_1.5.0__LICENSE-MIT"	"included"
"cargo"	"bytes"	"1.12.1"	"MIT"	"bytes_1.12.1__LICENSE"	"included"
"cargo"	"camino"	"1.2.6"	"MIT OR Apache-2.0"	"camino_1.2.6__LICENSE-APACHE;camino_1.2.6__LICENSE-MIT"	"included"
"cargo"	"cargo_metadata"	"0.19.2"	"MIT"	"cargo_metadata_0.19.2__LICENSE-MIT"	"included"
"cargo"	"cargo_toml"	"0.22.3"	"Apache-2.0 OR MIT"	"cargo_toml_0.22.3__LICENSE"	"included"
"cargo"	"cargo-platform"	"0.1.9"	"MIT OR Apache-2.0"	"cargo-platform_0.1.9__LICENSE-APACHE;cargo-platform_0.1.9__LICENSE-MIT"	"included"
"cargo"	"cc"	"1.4.7"	"MIT OR Apache-2.0"	"cc_1.4.7__LICENSE-APACHE;cc_1.4.7__LICENSE-MIT"	"included"
"cargo"	"cfb"	"0.7.3"	"MIT"	"cfb_0.7.3__LICENSE"	"included"
"cargo"	"cfg-if"	"1.0.5"	"MIT OR Apache-2.0"	"cfg-if_1.0.5__LICENSE-APACHE;cfg-if_1.0.5__LICENSE-MIT"	"included"
"cargo"	"chrono"	"0.4.45"	"MIT OR Apache-2.0"	"chrono_0.4.45__LICENSE.txt"	"included"
"cargo"	"cookie"	"0.18.2"	"MIT OR Apache-2.0"	"cookie_0.18.2__LICENSE-APACHE;cookie_0.18.2__LICENSE-MIT"	"included"
"cargo"	"cpufeatures"	"0.2.17"	"MIT OR Apache-2.0"	"cpufeatures_0.2.17__LICENSE-APACHE;cpufeatures_0.2.17__LICENSE-MIT"	"included"
"cargo"	"crc32fast"	"1.5.2"	"MIT OR Apache-2.0"	"crc32fast_1.5.2__LICENSE-APACHE;crc32fast_1.5.2__LICENSE-MIT"	"included"
"cargo"	"crossbeam-channel"	"0.5.17"	"MIT OR Apache-2.0"	"crossbeam-channel_0.5.17__LICENSE-APACHE;crossbeam-channel_0.5.17__LICENSE-MIT;crossbeam-channel_0.5.17__LICENSE-THIRD-PARTY"	"included"
"cargo"	"crossbeam-utils"	"0.8.23"	"MIT OR Apache-2.0"	"crossbeam-utils_0.8.23__LICENSE-APACHE;crossbeam-utils_0.8.23__LICENSE-MIT"	"included"
"cargo"	"crypto-common"	"0.1.7"	"MIT OR Apache-2.0"	"crypto-common_0.1.7__LICENSE-APACHE;crypto-common_0.1.7__LICENSE-MIT"	"included"
"cargo"	"cssparser"	"0.36.0"	"MPL-2.0"	"cssparser_0.36.0__LICENSE"	"included"
"cargo"	"cssparser-macros"	"0.6.1"	"MPL-2.0"	"cssparser-macros_0.6.1__LICENSE"	"included"
"cargo"	"ctor"	"0.8.0"	"Apache-2.0 OR MIT"	"ctor_0.8.0__LICENSE-APACHE;ctor_0.8.0__LICENSE-MIT"	"included"
"cargo"	"ctor-proc-macro"	"0.0.7"	"Apache-2.0 OR MIT"	"ctor-proc-macro_0.0.7__LICENSE-APACHE;ctor-proc-macro_0.0.7__LICENSE-MIT"	"included"
"cargo"	"darling"	"0.24.1"	"MIT"	"darling_0.24.1__LICENSE"	"included"
"cargo"	"darling_core"	"0.24.1"	"MIT"	"darling_core_0.24.1__LICENSE"	"included"
"cargo"	"darling_macro"	"0.24.1"	"MIT"	"darling_macro_0.24.1__LICENSE"	"included"
"cargo"	"defmt"	"1.1.1"	"MIT OR Apache-2.0"	"defmt_1.1.1__LICENSE-APACHE;defmt_1.1.1__LICENSE-MIT"	"included"
"cargo"	"defmt-macros"	"1.1.1"	"MIT OR Apache-2.0"	"defmt-macros_1.1.1__LICENSE-APACHE;defmt-macros_1.1.1__LICENSE-MIT"	"included"
"cargo"	"defmt-parser"	"1.0.0"	"MIT OR Apache-2.0"	""	"missing"
"cargo"	"deranged"	"0.5.8"	"MIT OR Apache-2.0"	"deranged_0.5.8__LICENSE-Apache;deranged_0.5.8__LICENSE-MIT"	"included"
"cargo"	"derive_more"	"2.1.1"	"MIT"	"derive_more_2.1.1__LICENSE"	"included"
"cargo"	"derive_more-impl"	"2.1.1"	"MIT"	"derive_more-impl_2.1.1__LICENSE"	"included"
"cargo"	"digest"	"0.10.7"	"MIT OR Apache-2.0"	"digest_0.10.7__LICENSE-APACHE;digest_0.10.7__LICENSE-MIT"	"included"
"cargo"	"dirs"	"6.0.0"	"MIT OR Apache-2.0"	"dirs_6.0.0__LICENSE-APACHE;dirs_6.0.0__LICENSE-MIT"	"included"
"cargo"	"dirs-sys"	"0.5.0"	"MIT OR Apache-2.0"	"dirs-sys_0.5.0__LICENSE-APACHE;dirs-sys_0.5.0__LICENSE-MIT"	"included"
"cargo"	"displaydoc"	"0.2.7"	"MIT OR Apache-2.0"	"displaydoc_0.2.7__LICENSE-APACHE;displaydoc_0.2.7__LICENSE-MIT"	"included"
"cargo"	"dom_query"	"0.27.0"	"MIT"	"dom_query_0.27.0__LICENSE"	"included"
"cargo"	"dpi"	"0.1.2"	"Apache-2.0 AND MIT"	"dpi_0.1.2__LICENSE;dpi_0.1.2__LICENSE-LIBM-MIT"	"included"
"cargo"	"dtoa"	"1.0.11"	"MIT OR Apache-2.0"	"dtoa_1.0.11__LICENSE-APACHE;dtoa_1.0.11__LICENSE-MIT"	"included"
"cargo"	"dtoa-short"	"0.3.5"	"MPL-2.0"	"dtoa-short_0.3.5__LICENSE"	"included"
"cargo"	"dtor"	"0.3.0"	"Apache-2.0 OR MIT"	"dtor_0.3.0__LICENSE-APACHE;dtor_0.3.0__LICENSE-MIT"	"included"
"cargo"	"dtor-proc-macro"	"0.0.6"	"Apache-2.0 OR MIT"	"dtor-proc-macro_0.0.6__LICENSE-APACHE;dtor-proc-macro_0.0.6__LICENSE-MIT"	"included"
"cargo"	"dunce"	"1.0.5"	"CC0-1.0 OR MIT-0 OR Apache-2.0"	"dunce_1.0.5__LICENSE"	"included"
"cargo"	"dyn-clone"	"1.0.20"	"MIT OR Apache-2.0"	"dyn-clone_1.0.20__LICENSE-APACHE;dyn-clone_1.0.20__LICENSE-MIT"	"included"
"cargo"	"embed-resource"	"3.0.11"	"MIT"	"embed-resource_3.0.11__LICENSE"	"included"
"cargo"	"equivalent"	"1.0.2"	"Apache-2.0 OR MIT"	"equivalent_1.0.2__LICENSE-APACHE;equivalent_1.0.2__LICENSE-MIT"	"included"
"cargo"	"erased-serde"	"0.4.10"	"MIT OR Apache-2.0"	"erased-serde_0.4.10__LICENSE-APACHE;erased-serde_0.4.10__LICENSE-MIT"	"included"
"cargo"	"fastrand"	"2.5.0"	"Apache-2.0 OR MIT"	"fastrand_2.5.0__LICENSE-APACHE;fastrand_2.5.0__LICENSE-MIT"	"included"
"cargo"	"fdeflate"	"0.3.7"	"MIT OR Apache-2.0"	"fdeflate_0.3.7__LICENSE-APACHE;fdeflate_0.3.7__LICENSE-MIT"	"included"
"cargo"	"find-msvc-tools"	"0.1.13"	"MIT OR Apache-2.0"	"find-msvc-tools_0.1.13__LICENSE-APACHE;find-msvc-tools_0.1.13__LICENSE-MIT"	"included"
"cargo"	"flate2"	"1.1.10"	"MIT OR Apache-2.0"	"flate2_1.1.10__LICENSE-APACHE;flate2_1.1.10__LICENSE-MIT"	"included"
"cargo"	"fnv"	"1.0.7"	"Apache-2.0 / MIT"	"fnv_1.0.7__LICENSE-APACHE;fnv_1.0.7__LICENSE-MIT"	"included"
"cargo"	"foldhash"	"0.2.0"	"Zlib"	"foldhash_0.2.0__LICENSE"	"included"
"cargo"	"form_urlencoded"	"1.2.2"	"MIT OR Apache-2.0"	"form_urlencoded_1.2.2__LICENSE-APACHE;form_urlencoded_1.2.2__LICENSE-MIT"	"included"
"cargo"	"futures-channel"	"0.3.34"	"MIT OR Apache-2.0"	"futures-channel_0.3.34__LICENSE-APACHE;futures-channel_0.3.34__LICENSE-MIT"	"included"
"cargo"	"futures-core"	"0.3.34"	"MIT OR Apache-2.0"	"futures-core_0.3.34__LICENSE-APACHE;futures-core_0.3.34__LICENSE-MIT"	"included"
"cargo"	"futures-io"	"0.3.34"	"MIT OR Apache-2.0"	"futures-io_0.3.34__LICENSE-APACHE;futures-io_0.3.34__LICENSE-MIT"	"included"
"cargo"	"futures-macro"	"0.3.34"	"MIT OR Apache-2.0"	"futures-macro_0.3.34__LICENSE-APACHE;futures-macro_0.3.34__LICENSE-MIT"	"included"
"cargo"	"futures-sink"	"0.3.34"	"MIT OR Apache-2.0"	"futures-sink_0.3.34__LICENSE-APACHE;futures-sink_0.3.34__LICENSE-MIT"	"included"
"cargo"	"futures-task"	"0.3.34"	"MIT OR Apache-2.0"	"futures-task_0.3.34__LICENSE-APACHE;futures-task_0.3.34__LICENSE-MIT"	"included"
"cargo"	"futures-util"	"0.3.34"	"MIT OR Apache-2.0"	"futures-util_0.3.34__LICENSE-APACHE;futures-util_0.3.34__LICENSE-MIT"	"included"
"cargo"	"generic-array"	"0.14.7"	"MIT"	"generic-array_0.14.7__LICENSE"	"included"
"cargo"	"getrandom"	"0.2.17"	"MIT OR Apache-2.0"	"getrandom_0.2.17__LICENSE-APACHE;getrandom_0.2.17__LICENSE-MIT"	"included"
"cargo"	"getrandom"	"0.3.4"	"MIT OR Apache-2.0"	"getrandom_0.3.4__LICENSE-APACHE;getrandom_0.3.4__LICENSE-MIT"	"included"
"cargo"	"getrandom"	"0.4.3"	"MIT OR Apache-2.0"	"getrandom_0.4.3__LICENSE-APACHE;getrandom_0.4.3__LICENSE-MIT"	"included"
"cargo"	"glob"	"0.3.4"	"MIT OR Apache-2.0"	"glob_0.3.4__LICENSE-APACHE;glob_0.3.4__LICENSE-MIT"	"included"
"cargo"	"hashbrown"	"0.12.3"	"MIT OR Apache-2.0"	"hashbrown_0.12.3__LICENSE-APACHE;hashbrown_0.12.3__LICENSE-MIT"	"included"
"cargo"	"hashbrown"	"0.17.1"	"MIT OR Apache-2.0"	"hashbrown_0.17.1__LICENSE-APACHE;hashbrown_0.17.1__LICENSE-MIT"	"included"
"cargo"	"heck"	"0.5.0"	"MIT OR Apache-2.0"	"heck_0.5.0__LICENSE-APACHE;heck_0.5.0__LICENSE-MIT"	"included"
"cargo"	"hex"	"0.4.3"	"MIT OR Apache-2.0"	"hex_0.4.3__LICENSE-APACHE;hex_0.4.3__LICENSE-MIT"	"included"
"cargo"	"html5ever"	"0.38.0"	"MIT OR Apache-2.0"	"html5ever_0.38.0__LICENSE-APACHE;html5ever_0.38.0__LICENSE-MIT"	"included"
"cargo"	"http"	"1.5.0"	"MIT OR Apache-2.0"	"http_1.5.0__LICENSE-APACHE;http_1.5.0__LICENSE-MIT"	"included"
"cargo"	"http-body"	"1.1.0"	"MIT"	"http-body_1.1.0__LICENSE"	"included"
"cargo"	"http-body-util"	"0.1.5"	"MIT"	"http-body-util_0.1.5__LICENSE"	"included"
"cargo"	"httparse"	"1.10.1"	"MIT OR Apache-2.0"	"httparse_1.10.1__LICENSE-APACHE;httparse_1.10.1__LICENSE-MIT"	"included"
"cargo"	"hyper"	"1.11.1"	"MIT"	"hyper_1.11.1__LICENSE"	"included"
"cargo"	"hyper-rustls"	"0.27.10"	"Apache-2.0 OR ISC OR MIT"	"hyper-rustls_0.27.10__LICENSE-APACHE;hyper-rustls_0.27.10__LICENSE-ISC;hyper-rustls_0.27.10__LICENSE-MIT"	"included"
"cargo"	"hyper-util"	"0.1.20"	"MIT"	"hyper-util_0.1.20__LICENSE"	"included"
"cargo"	"ico"	"0.5.0"	"MIT"	"ico_0.5.0__LICENSE"	"included"
"cargo"	"icu_collections"	"2.3.0"	"Unicode-3.0"	"icu_collections_2.3.0__LICENSE"	"included"
"cargo"	"icu_locale_core"	"2.3.0"	"Unicode-3.0"	"icu_locale_core_2.3.0__LICENSE"	"included"
"cargo"	"icu_normalizer"	"2.3.0"	"Unicode-3.0"	"icu_normalizer_2.3.0__LICENSE"	"included"
"cargo"	"icu_normalizer_data"	"2.3.0"	"Unicode-3.0"	"icu_normalizer_data_2.3.0__LICENSE"	"included"
"cargo"	"icu_properties"	"2.3.0"	"Unicode-3.0"	"icu_properties_2.3.0__LICENSE"	"included"
"cargo"	"icu_properties_data"	"2.3.0"	"Unicode-3.0"	"icu_properties_data_2.3.0__LICENSE"	"included"
"cargo"	"icu_provider"	"2.3.1"	"Unicode-3.0"	"icu_provider_2.3.1__LICENSE"	"included"
"cargo"	"ident_case"	"1.0.1"	"MIT/Apache-2.0"	"ident_case_1.0.1__LICENSE"	"included"
"cargo"	"idna"	"1.1.0"	"MIT OR Apache-2.0"	"idna_1.1.0__LICENSE-APACHE;idna_1.1.0__LICENSE-MIT"	"included"
"cargo"	"idna_adapter"	"1.2.2"	"Apache-2.0 OR MIT"	"idna_adapter_1.2.2__LICENSE-APACHE;idna_adapter_1.2.2__LICENSE-MIT"	"included"
"cargo"	"indexmap"	"1.9.3"	"Apache-2.0 OR MIT"	"indexmap_1.9.3__LICENSE-APACHE;indexmap_1.9.3__LICENSE-MIT"	"included"
"cargo"	"indexmap"	"2.14.2"	"Apache-2.0 OR MIT"	"indexmap_2.14.2__LICENSE-APACHE;indexmap_2.14.2__LICENSE-MIT"	"included"
"cargo"	"infer"	"0.19.0"	"MIT"	"infer_0.19.0__LICENSE"	"included"
"cargo"	"ipnet"	"2.12.2"	"MIT OR Apache-2.0"	"ipnet_2.12.2__LICENSE-APACHE;ipnet_2.12.2__LICENSE-MIT"	"included"
"cargo"	"itoa"	"1.0.18"	"MIT OR Apache-2.0"	"itoa_1.0.18__LICENSE-APACHE;itoa_1.0.18__LICENSE-MIT"	"included"
"cargo"	"jiff"	"0.2.37"	"Unlicense OR MIT"	"jiff_0.2.37__COPYING;jiff_0.2.37__LICENSE-MIT"	"included"
"cargo"	"jiff-core"	"0.1.1"	"Unlicense OR MIT"	"jiff-core_0.1.1__COPYING;jiff-core_0.1.1__LICENSE-MIT"	"included"
"cargo"	"jiff-tzdb"	"0.1.8"	"Unlicense OR MIT"	"jiff-tzdb_0.1.8__COPYING;jiff-tzdb_0.1.8__LICENSE-MIT"	"included"
"cargo"	"jiff-tzdb-platform"	"0.1.3"	"Unlicense OR MIT"	"jiff-tzdb-platform_0.1.3__COPYING;jiff-tzdb-platform_0.1.3__LICENSE-MIT"	"included"
"cargo"	"json-patch"	"3.0.1"	"MIT/Apache-2.0"	"json-patch_3.0.1__LICENSE-APACHE;json-patch_3.0.1__LICENSE-MIT"	"included"
"cargo"	"jsonptr"	"0.6.3"	"MIT OR Apache-2.0"	"jsonptr_0.6.3__LICENSE-APACHE;jsonptr_0.6.3__LICENSE-MIT"	"included"
"cargo"	"keyboard-types"	"0.7.0"	"MIT OR Apache-2.0"	"keyboard-types_0.7.0__LICENSE-APACHE;keyboard-types_0.7.0__LICENSE-MIT"	"included"
"cargo"	"libc"	"0.2.189"	"MIT OR Apache-2.0"	"libc_0.2.189__LICENSE-APACHE;libc_0.2.189__LICENSE-MIT"	"included"
"cargo"	"litemap"	"0.8.3"	"Unicode-3.0"	"litemap_0.8.3__LICENSE"	"included"
"cargo"	"lock_api"	"0.4.14"	"MIT OR Apache-2.0"	"lock_api_0.4.14__LICENSE-APACHE;lock_api_0.4.14__LICENSE-MIT"	"included"
"cargo"	"log"	"0.4.34"	"MIT OR Apache-2.0"	"log_0.4.34__LICENSE-APACHE;log_0.4.34__LICENSE-MIT"	"included"
"cargo"	"markup5ever"	"0.38.0"	"MIT OR Apache-2.0"	"markup5ever_0.38.0__LICENSE-APACHE;markup5ever_0.38.0__LICENSE-MIT"	"included"
"cargo"	"memchr"	"2.8.3"	"Unlicense OR MIT"	"memchr_2.8.3__COPYING;memchr_2.8.3__LICENSE-MIT"	"included"
"cargo"	"mime"	"0.3.17"	"MIT OR Apache-2.0"	"mime_0.3.17__LICENSE-APACHE;mime_0.3.17__LICENSE-MIT"	"included"
"cargo"	"minisign-verify"	"0.2.5"	"MIT"	"minisign-verify_0.2.5__LICENSE"	"included"
"cargo"	"miniz_oxide"	"0.8.9"	"MIT OR Zlib OR Apache-2.0"	"miniz_oxide_0.8.9__LICENSE;miniz_oxide_0.8.9__LICENSE-APACHE.md;miniz_oxide_0.8.9__LICENSE-MIT.md;miniz_oxide_0.8.9__LICENSE-ZLIB.md"	"included"
"cargo"	"miniz_oxide"	"0.9.1"	"MIT OR Zlib OR Apache-2.0"	"miniz_oxide_0.9.1__LICENSE;miniz_oxide_0.9.1__LICENSE-APACHE.md;miniz_oxide_0.9.1__LICENSE-MIT.md;miniz_oxide_0.9.1__LICENSE-ZLIB.md"	"included"
"cargo"	"mio"	"1.2.3"	"MIT"	"mio_1.2.3__LICENSE"	"included"
"cargo"	"muda"	"0.19.3"	"Apache-2.0 OR MIT"	"muda_0.19.3__LICENSE-APACHE;muda_0.19.3__LICENSE-MIT;muda_0.19.3__LICENSE.spdx"	"included"
"cargo"	"new_debug_unreachable"	"1.0.6"	"MIT"	"new_debug_unreachable_1.0.6__LICENSE-MIT"	"included"
"cargo"	"num-conv"	"0.2.2"	"MIT OR Apache-2.0"	"num-conv_0.2.2__LICENSE-Apache;num-conv_0.2.2__LICENSE-MIT"	"included"
"cargo"	"num-traits"	"0.2.19"	"MIT OR Apache-2.0"	"num-traits_0.2.19__LICENSE-APACHE;num-traits_0.2.19__LICENSE-MIT"	"included"
"cargo"	"once_cell"	"1.21.4"	"MIT OR Apache-2.0"	"once_cell_1.21.4__LICENSE-APACHE;once_cell_1.21.4__LICENSE-MIT"	"included"
"cargo"	"open"	"5.4.4"	"MIT"	"open_5.4.4__LICENSE.md"	"included"
"cargo"	"option-ext"	"0.2.0"	"MPL-2.0"	"option-ext_0.2.0__LICENSE.txt"	"included"
"cargo"	"parking_lot"	"0.12.5"	"MIT OR Apache-2.0"	"parking_lot_0.12.5__LICENSE-APACHE;parking_lot_0.12.5__LICENSE-MIT"	"included"
"cargo"	"parking_lot_core"	"0.9.12"	"MIT OR Apache-2.0"	"parking_lot_core_0.9.12__LICENSE-APACHE;parking_lot_core_0.9.12__LICENSE-MIT"	"included"
"cargo"	"percent-encoding"	"2.3.2"	"MIT OR Apache-2.0"	"percent-encoding_2.3.2__LICENSE-APACHE;percent-encoding_2.3.2__LICENSE-MIT"	"included"
"cargo"	"phf"	"0.13.1"	"MIT"	"phf_0.13.1__LICENSE"	"included"
"cargo"	"phf_codegen"	"0.13.1"	"MIT"	"phf_codegen_0.13.1__LICENSE"	"included"
"cargo"	"phf_generator"	"0.13.1"	"MIT"	"phf_generator_0.13.1__LICENSE"	"included"
"cargo"	"phf_macros"	"0.13.1"	"MIT"	"phf_macros_0.13.1__LICENSE"	"included"
"cargo"	"phf_shared"	"0.13.1"	"MIT"	"phf_shared_0.13.1__LICENSE"	"included"
"cargo"	"pin-project-lite"	"0.2.17"	"Apache-2.0 OR MIT"	"pin-project-lite_0.2.17__LICENSE-APACHE;pin-project-lite_0.2.17__LICENSE-MIT"	"included"
"cargo"	"plist"	"1.10.1"	"MIT"	"plist_1.10.1__LICENCE"	"included"
"cargo"	"png"	"0.17.16"	"MIT OR Apache-2.0"	"png_0.17.16__LICENSE-APACHE;png_0.17.16__LICENSE-MIT"	"included"
"cargo"	"potential_utf"	"0.1.6"	"Unicode-3.0"	"potential_utf_0.1.6__LICENSE"	"included"
"cargo"	"powerfmt"	"0.2.0"	"MIT OR Apache-2.0"	"powerfmt_0.2.0__LICENSE-Apache;powerfmt_0.2.0__LICENSE-MIT"	"included"
"cargo"	"precomputed-hash"	"0.1.1"	"MIT"	"precomputed-hash_0.1.1__LICENSE"	"included"
"cargo"	"proc-macro2"	"1.0.107"	"MIT OR Apache-2.0"	"proc-macro2_1.0.107__LICENSE-APACHE;proc-macro2_1.0.107__LICENSE-MIT"	"included"
"cargo"	"quick-xml"	"0.42.0"	"MIT"	"quick-xml_0.42.0__LICENSE-MIT.md"	"included"
"cargo"	"quote"	"1.0.47"	"MIT OR Apache-2.0"	"quote_1.0.47__LICENSE-APACHE;quote_1.0.47__LICENSE-MIT"	"included"
"cargo"	"raw-window-handle"	"0.6.2"	"MIT OR Apache-2.0 OR Zlib"	"raw-window-handle_0.6.2__LICENSE-APACHE.md;raw-window-handle_0.6.2__LICENSE-MIT.md;raw-window-handle_0.6.2__LICENSE-ZLIB.md"	"included"
"cargo"	"ref-cast"	"1.0.27"	"MIT OR Apache-2.0"	"ref-cast_1.0.27__LICENSE-APACHE;ref-cast_1.0.27__LICENSE-MIT"	"included"
"cargo"	"ref-cast-impl"	"1.0.27"	"MIT OR Apache-2.0"	"ref-cast-impl_1.0.27__LICENSE-APACHE;ref-cast-impl_1.0.27__LICENSE-MIT"	"included"
"cargo"	"regex"	"1.13.1"	"MIT OR Apache-2.0"	"regex_1.13.1__LICENSE-APACHE;regex_1.13.1__LICENSE-MIT"	"included"
"cargo"	"regex-automata"	"0.4.18"	"MIT OR Apache-2.0"	"regex-automata_0.4.18__LICENSE-APACHE;regex-automata_0.4.18__LICENSE-MIT"	"included"
"cargo"	"regex-syntax"	"0.8.11"	"MIT OR Apache-2.0"	"regex-syntax_0.8.11__LICENSE-APACHE;regex-syntax_0.8.11__LICENSE-MIT"	"included"
"cargo"	"reqwest"	"0.13.5"	"MIT OR Apache-2.0"	"reqwest_0.13.5__LICENSE-APACHE;reqwest_0.13.5__LICENSE-MIT"	"included"
"cargo"	"rfd"	"0.16.0"	"MIT"	"rfd_0.16.0__LICENSE"	"included"
"cargo"	"ring"	"0.17.14"	"Apache-2.0 AND ISC"	"ring_0.17.14__LICENSE;ring_0.17.14__LICENSE-BoringSSL;ring_0.17.14__LICENSE-other-bits"	"included"
"cargo"	"rustc_version"	"0.4.1"	"MIT OR Apache-2.0"	"rustc_version_0.4.1__LICENSE-APACHE;rustc_version_0.4.1__LICENSE-MIT"	"included"
"cargo"	"rustc-hash"	"2.1.3"	"Apache-2.0 OR MIT"	"rustc-hash_2.1.3__LICENSE-APACHE;rustc-hash_2.1.3__LICENSE-MIT"	"included"
"cargo"	"rustls"	"0.23.45"	"Apache-2.0 OR ISC OR MIT"	"rustls_0.23.45__LICENSE-APACHE;rustls_0.23.45__LICENSE-ISC;rustls_0.23.45__LICENSE-MIT"	"included"
"cargo"	"rustls-pki-types"	"1.15.1"	"MIT OR Apache-2.0"	"rustls-pki-types_1.15.1__LICENSE-APACHE;rustls-pki-types_1.15.1__LICENSE-MIT"	"included"
"cargo"	"rustls-platform-verifier"	"0.7.0"	"MIT OR Apache-2.0"	"rustls-platform-verifier_0.7.0__LICENSE-APACHE;rustls-platform-verifier_0.7.0__LICENSE-MIT"	"included"
"cargo"	"rustls-webpki"	"0.103.15"	"ISC"	"rustls-webpki_0.103.15__LICENSE"	"included"
"cargo"	"same-file"	"1.0.6"	"Unlicense/MIT"	"same-file_1.0.6__COPYING;same-file_1.0.6__LICENSE-MIT"	"included"
"cargo"	"schemars"	"0.8.22"	"MIT"	"schemars_0.8.22__LICENSE"	"included"
"cargo"	"schemars"	"0.9.0"	"MIT"	"schemars_0.9.0__LICENSE"	"included"
"cargo"	"schemars"	"1.2.2"	"MIT"	"schemars_1.2.2__LICENSE"	"included"
"cargo"	"schemars_derive"	"0.8.22"	"MIT"	"schemars_derive_0.8.22__LICENSE"	"included"
"cargo"	"scopeguard"	"1.2.0"	"MIT OR Apache-2.0"	"scopeguard_1.2.0__LICENSE-APACHE;scopeguard_1.2.0__LICENSE-MIT"	"included"
"cargo"	"selectors"	"0.36.1"	"MPL-2.0"	""	"missing"
"cargo"	"semver"	"1.0.28"	"MIT OR Apache-2.0"	"semver_1.0.28__LICENSE-APACHE;semver_1.0.28__LICENSE-MIT"	"included"
"cargo"	"serde"	"1.0.229"	"MIT OR Apache-2.0"	"serde_1.0.229__LICENSE-APACHE;serde_1.0.229__LICENSE-MIT"	"included"
"cargo"	"serde_core"	"1.0.229"	"MIT OR Apache-2.0"	"serde_core_1.0.229__LICENSE-APACHE;serde_core_1.0.229__LICENSE-MIT"	"included"
"cargo"	"serde_derive"	"1.0.229"	"MIT OR Apache-2.0"	"serde_derive_1.0.229__LICENSE-APACHE;serde_derive_1.0.229__LICENSE-MIT"	"included"
"cargo"	"serde_derive_internals"	"0.29.1"	"MIT OR Apache-2.0"	"serde_derive_internals_0.29.1__LICENSE-APACHE;serde_derive_internals_0.29.1__LICENSE-MIT"	"included"
"cargo"	"serde_json"	"1.0.151"	"MIT OR Apache-2.0"	"serde_json_1.0.151__LICENSE-APACHE;serde_json_1.0.151__LICENSE-MIT"	"included"
"cargo"	"serde_repr"	"0.1.21"	"MIT OR Apache-2.0"	"serde_repr_0.1.21__LICENSE-APACHE;serde_repr_0.1.21__LICENSE-MIT"	"included"
"cargo"	"serde_spanned"	"1.1.1"	"MIT OR Apache-2.0"	"serde_spanned_1.1.1__LICENSE-APACHE;serde_spanned_1.1.1__LICENSE-MIT"	"included"
"cargo"	"serde_with"	"3.23.0"	"MIT OR Apache-2.0"	"serde_with_3.23.0__LICENSE-APACHE;serde_with_3.23.0__LICENSE-MIT"	"included"
"cargo"	"serde_with_macros"	"3.23.0"	"MIT OR Apache-2.0"	"serde_with_macros_3.23.0__LICENSE-APACHE;serde_with_macros_3.23.0__LICENSE-MIT"	"included"
"cargo"	"serde-untagged"	"0.1.9"	"MIT OR Apache-2.0"	"serde-untagged_0.1.9__LICENSE-APACHE;serde-untagged_0.1.9__LICENSE-MIT"	"included"
"cargo"	"serialize-to-javascript"	"0.1.2"	"MIT OR Apache-2.0"	"serialize-to-javascript_0.1.2__LICENSE-APACHE;serialize-to-javascript_0.1.2__LICENSE-MIT"	"included"
"cargo"	"serialize-to-javascript-impl"	"0.1.2"	"MIT OR Apache-2.0"	"serialize-to-javascript-impl_0.1.2__LICENSE-APACHE;serialize-to-javascript-impl_0.1.2__LICENSE-MIT"	"included"
"cargo"	"servo_arc"	"0.4.3"	"MIT OR Apache-2.0"	"servo_arc_0.4.3__LICENSE-APACHE;servo_arc_0.4.3__LICENSE-MIT"	"included"
"cargo"	"sha2"	"0.10.9"	"MIT OR Apache-2.0"	"sha2_0.10.9__LICENSE-APACHE;sha2_0.10.9__LICENSE-MIT"	"included"
"cargo"	"shlex"	"2.0.1"	"MIT OR Apache-2.0"	"shlex_2.0.1__LICENSE-APACHE;shlex_2.0.1__LICENSE-MIT"	"included"
"cargo"	"simd-adler32"	"0.3.10"	"MIT"	"simd-adler32_0.3.10__LICENSE.md"	"included"
"cargo"	"siphasher"	"1.0.3"	"MIT/Apache-2.0"	"siphasher_1.0.3__COPYING"	"included"
"cargo"	"slab"	"0.4.12"	"MIT"	"slab_0.4.12__LICENSE"	"included"
"cargo"	"smallvec"	"1.16.1"	"MIT OR Apache-2.0"	"smallvec_1.16.1__LICENSE-APACHE;smallvec_1.16.1__LICENSE-MIT"	"included"
"cargo"	"socket2"	"0.6.5"	"MIT OR Apache-2.0"	"socket2_0.6.5__LICENSE-APACHE;socket2_0.6.5__LICENSE-MIT"	"included"
"cargo"	"softbuffer"	"0.4.8"	"MIT OR Apache-2.0"	"softbuffer_0.4.8__LICENSE-APACHE;softbuffer_0.4.8__LICENSE-MIT"	"included"
"cargo"	"stable_deref_trait"	"1.2.1"	"MIT OR Apache-2.0"	"stable_deref_trait_1.2.1__LICENSE-APACHE;stable_deref_trait_1.2.1__LICENSE-MIT"	"included"
"cargo"	"string_cache"	"0.9.0"	"MIT OR Apache-2.0"	"string_cache_0.9.0__LICENSE-APACHE;string_cache_0.9.0__LICENSE-MIT"	"included"
"cargo"	"string_cache_codegen"	"0.6.1"	"MIT OR Apache-2.0"	"string_cache_codegen_0.6.1__LICENSE-APACHE;string_cache_codegen_0.6.1__LICENSE-MIT"	"included"
"cargo"	"strsim"	"0.11.1"	"MIT"	"strsim_0.11.1__LICENSE"	"included"
"cargo"	"subtle"	"2.6.1"	"BSD-3-Clause"	"subtle_2.6.1__LICENSE"	"included"
"cargo"	"syn"	"2.0.119"	"MIT OR Apache-2.0"	"syn_2.0.119__LICENSE-APACHE;syn_2.0.119__LICENSE-MIT"	"included"
"cargo"	"syn"	"3.0.6"	"MIT OR Apache-2.0"	"syn_3.0.6__LICENSE-APACHE;syn_3.0.6__LICENSE-MIT"	"included"
"cargo"	"sync_wrapper"	"1.0.2"	"Apache-2.0"	"sync_wrapper_1.0.2__LICENSE"	"included"
"cargo"	"synstructure"	"0.14.0"	"MIT"	"synstructure_0.14.0__LICENSE"	"included"
"cargo"	"tao"	"0.35.3"	"Apache-2.0"	"tao_0.35.3__LICENSE;tao_0.35.3__LICENSE.spdx"	"included"
"cargo"	"tauri"	"2.11.6"	"Apache-2.0 OR MIT"	"tauri_2.11.6__LICENSE_APACHE-2.0;tauri_2.11.6__LICENSE_MIT"	"included"
"cargo"	"tauri-build"	"2.6.3"	"Apache-2.0 OR MIT"	"tauri-build_2.6.3__LICENSE_APACHE-2.0;tauri-build_2.6.3__LICENSE_MIT"	"included"
"cargo"	"tauri-codegen"	"2.6.3"	"Apache-2.0 OR MIT"	"tauri-codegen_2.6.3__LICENSE_APACHE-2.0;tauri-codegen_2.6.3__LICENSE_MIT"	"included"
"cargo"	"tauri-macros"	"2.6.3"	"Apache-2.0 OR MIT"	"tauri-macros_2.6.3__LICENSE_APACHE-2.0;tauri-macros_2.6.3__LICENSE_MIT"	"included"
"cargo"	"tauri-plugin"	"2.6.3"	"Apache-2.0 OR MIT"	""	"missing"
"cargo"	"tauri-plugin-dialog"	"2.7.3"	"Apache-2.0 OR MIT"	"tauri-plugin-dialog_2.7.3__LICENSE_APACHE-2.0;tauri-plugin-dialog_2.7.3__LICENSE_MIT;tauri-plugin-dialog_2.7.3__LICENSE.spdx"	"included"
"cargo"	"tauri-plugin-fs"	"2.5.2"	"Apache-2.0 OR MIT"	"tauri-plugin-fs_2.5.2__LICENSE_APACHE-2.0;tauri-plugin-fs_2.5.2__LICENSE_MIT;tauri-plugin-fs_2.5.2__LICENSE.spdx"	"included"
"cargo"	"tauri-plugin-opener"	"2.5.5"	"Apache-2.0 OR MIT"	"tauri-plugin-opener_2.5.5__LICENSE_APACHE-2.0;tauri-plugin-opener_2.5.5__LICENSE_MIT;tauri-plugin-opener_2.5.5__LICENSE.spdx"	"included"
"cargo"	"tauri-plugin-single-instance"	"2.4.5"	"Apache-2.0 OR MIT"	"tauri-plugin-single-instance_2.4.5__LICENSE_APACHE-2.0;tauri-plugin-single-instance_2.4.5__LICENSE_MIT;tauri-plugin-single-instance_2.4.5__LICENSE.spdx"	"included"
"cargo"	"tauri-plugin-updater"	"2.12.0"	"Apache-2.0 OR MIT"	"tauri-plugin-updater_2.12.0__LICENSE_APACHE-2.0;tauri-plugin-updater_2.12.0__LICENSE_MIT;tauri-plugin-updater_2.12.0__LICENSE.spdx"	"included"
"cargo"	"tauri-runtime"	"2.11.3"	"Apache-2.0 OR MIT"	"tauri-runtime_2.11.3__LICENSE_APACHE-2.0;tauri-runtime_2.11.3__LICENSE_MIT"	"included"
"cargo"	"tauri-runtime-wry"	"2.11.4"	"Apache-2.0 OR MIT"	"tauri-runtime-wry_2.11.4__LICENSE_APACHE-2.0;tauri-runtime-wry_2.11.4__LICENSE_MIT"	"included"
"cargo"	"tauri-utils"	"2.9.3"	"Apache-2.0 OR MIT"	"tauri-utils_2.9.3__LICENSE_APACHE-2.0;tauri-utils_2.9.3__LICENSE_MIT"	"included"
"cargo"	"tauri-winres"	"0.3.6"	"MIT"	"tauri-winres_0.3.6__LICENSE"	"included"
"cargo"	"tempfile"	"3.27.0"	"MIT OR Apache-2.0"	"tempfile_3.27.0__LICENSE-APACHE;tempfile_3.27.0__LICENSE-MIT"	"included"
"cargo"	"tendril"	"0.5.1"	"MIT OR Apache-2.0"	"tendril_0.5.1__LICENSE-APACHE;tendril_0.5.1__LICENSE-MIT"	"included"
"cargo"	"thiserror"	"1.0.69"	"MIT OR Apache-2.0"	"thiserror_1.0.69__LICENSE-APACHE;thiserror_1.0.69__LICENSE-MIT"	"included"
"cargo"	"thiserror"	"2.0.20"	"MIT OR Apache-2.0"	"thiserror_2.0.20__LICENSE-APACHE;thiserror_2.0.20__LICENSE-MIT"	"included"
"cargo"	"thiserror-impl"	"1.0.69"	"MIT OR Apache-2.0"	"thiserror-impl_1.0.69__LICENSE-APACHE;thiserror-impl_1.0.69__LICENSE-MIT"	"included"
"cargo"	"thiserror-impl"	"2.0.20"	"MIT OR Apache-2.0"	"thiserror-impl_2.0.20__LICENSE-APACHE;thiserror-impl_2.0.20__LICENSE-MIT"	"included"
"cargo"	"time"	"0.3.55"	"MIT OR Apache-2.0"	"time_0.3.55__LICENSE-Apache;time_0.3.55__LICENSE-MIT"	"included"
"cargo"	"time-core"	"0.1.9"	"MIT OR Apache-2.0"	"time-core_0.1.9__LICENSE-Apache;time-core_0.1.9__LICENSE-MIT"	"included"
"cargo"	"time-macros"	"0.2.32"	"MIT OR Apache-2.0"	"time-macros_0.2.32__LICENSE-Apache;time-macros_0.2.32__LICENSE-MIT"	"included"
"cargo"	"tinystr"	"0.8.4"	"Unicode-3.0"	"tinystr_0.8.4__LICENSE"	"included"
"cargo"	"tinyvec"	"1.13.3"	"Zlib OR Apache-2.0 OR MIT"	"tinyvec_1.13.3__LICENSE-APACHE.md;tinyvec_1.13.3__LICENSE-MIT.md;tinyvec_1.13.3__LICENSE-ZLIB.md"	"included"
"cargo"	"tokio"	"1.53.1"	"MIT"	"tokio_1.53.1__LICENSE"	"included"
"cargo"	"tokio-rustls"	"0.26.5"	"MIT OR Apache-2.0"	"tokio-rustls_0.26.5__LICENSE-APACHE;tokio-rustls_0.26.5__LICENSE-MIT"	"included"
"cargo"	"tokio-util"	"0.7.19"	"MIT"	"tokio-util_0.7.19__LICENSE"	"included"
"cargo"	"toml"	"0.9.12+spec-1.1.0"	"MIT OR Apache-2.0"	"toml_0.9.12_spec-1.1.0__LICENSE-APACHE;toml_0.9.12_spec-1.1.0__LICENSE-MIT"	"included"
"cargo"	"toml"	"1.1.6+spec-1.1.0"	"MIT OR Apache-2.0"	"toml_1.1.6_spec-1.1.0__LICENSE-APACHE;toml_1.1.6_spec-1.1.0__LICENSE-MIT"	"included"
"cargo"	"toml_datetime"	"0.7.5+spec-1.1.0"	"MIT OR Apache-2.0"	"toml_datetime_0.7.5_spec-1.1.0__LICENSE-APACHE;toml_datetime_0.7.5_spec-1.1.0__LICENSE-MIT"	"included"
"cargo"	"toml_datetime"	"1.1.1+spec-1.1.0"	"MIT OR Apache-2.0"	"toml_datetime_1.1.1_spec-1.1.0__LICENSE-APACHE;toml_datetime_1.1.1_spec-1.1.0__LICENSE-MIT"	"included"
"cargo"	"toml_parser"	"1.1.3+spec-1.1.0"	"MIT OR Apache-2.0"	"toml_parser_1.1.3_spec-1.1.0__LICENSE-APACHE;toml_parser_1.1.3_spec-1.1.0__LICENSE-MIT"	"included"
"cargo"	"toml_writer"	"1.1.2+spec-1.1.0"	"MIT OR Apache-2.0"	"toml_writer_1.1.2_spec-1.1.0__LICENSE-APACHE;toml_writer_1.1.2_spec-1.1.0__LICENSE-MIT"	"included"
"cargo"	"tower"	"0.5.3"	"MIT"	"tower_0.5.3__LICENSE"	"included"
"cargo"	"tower-http"	"0.6.11"	"MIT"	"tower-http_0.6.11__LICENSE"	"included"
"cargo"	"tower-layer"	"0.3.3"	"MIT"	"tower-layer_0.3.3__LICENSE"	"included"
"cargo"	"tower-service"	"0.3.3"	"MIT"	"tower-service_0.3.3__LICENSE"	"included"
"cargo"	"tracing"	"0.1.44"	"MIT"	"tracing_0.1.44__LICENSE"	"included"
"cargo"	"tracing-attributes"	"0.1.31"	"MIT"	"tracing-attributes_0.1.31__LICENSE"	"included"
"cargo"	"tracing-core"	"0.1.36"	"MIT"	"tracing-core_0.1.36__LICENSE"	"included"
"cargo"	"tray-icon"	"0.24.2"	"MIT OR Apache-2.0"	"tray-icon_0.24.2__LICENSE-APACHE;tray-icon_0.24.2__LICENSE-MIT;tray-icon_0.24.2__LICENSE.spdx"	"included"
"cargo"	"try-lock"	"0.2.5"	"MIT"	"try-lock_0.2.5__LICENSE"	"included"
"cargo"	"typeid"	"1.0.3"	"MIT OR Apache-2.0"	"typeid_1.0.3__LICENSE-APACHE;typeid_1.0.3__LICENSE-MIT"	"included"
"cargo"	"typenum"	"1.20.1"	"MIT OR Apache-2.0"	"typenum_1.20.1__LICENSE;typenum_1.20.1__LICENSE-APACHE;typenum_1.20.1__LICENSE-MIT"	"included"
"cargo"	"unic-char-property"	"0.9.0"	"MIT/Apache-2.0"	""	"missing"
"cargo"	"unic-char-range"	"0.9.0"	"MIT/Apache-2.0"	""	"missing"
"cargo"	"unic-common"	"0.9.0"	"MIT/Apache-2.0"	""	"missing"
"cargo"	"unic-ucd-ident"	"0.9.0"	"MIT/Apache-2.0"	""	"missing"
"cargo"	"unic-ucd-version"	"0.9.0"	"MIT/Apache-2.0"	""	"missing"
"cargo"	"unicode-ident"	"1.0.26"	"(MIT OR Apache-2.0) AND Unicode-3.0"	"unicode-ident_1.0.26__LICENSE-APACHE;unicode-ident_1.0.26__LICENSE-MIT;unicode-ident_1.0.26__LICENSE-UNICODE"	"included"
"cargo"	"unicode-segmentation"	"1.13.3"	"MIT OR Apache-2.0"	"unicode-segmentation_1.13.3__LICENSE-APACHE;unicode-segmentation_1.13.3__LICENSE-MIT"	"included"
"cargo"	"untrusted"	"0.9.0"	"ISC"	"untrusted_0.9.0__LICENSE.txt"	"included"
"cargo"	"url"	"2.5.8"	"MIT OR Apache-2.0"	"url_2.5.8__LICENSE-APACHE;url_2.5.8__LICENSE-MIT"	"included"
"cargo"	"urlpattern"	"0.3.0"	"MIT"	"urlpattern_0.3.0__LICENSE"	"included"
"cargo"	"utf8_iter"	"1.0.4"	"Apache-2.0 OR MIT"	"utf8_iter_1.0.4__LICENSE-APACHE;utf8_iter_1.0.4__LICENSE-MIT"	"included"
"cargo"	"uuid"	"1.26.1"	"Apache-2.0 OR MIT"	"uuid_1.26.1__LICENSE-APACHE;uuid_1.26.1__LICENSE-MIT"	"included"
"cargo"	"version_check"	"0.9.5"	"MIT/Apache-2.0"	"version_check_0.9.5__LICENSE-APACHE;version_check_0.9.5__LICENSE-MIT"	"included"
"cargo"	"vswhom"	"0.1.0"	"MIT"	"vswhom_0.1.0__LICENSE"	"included"
"cargo"	"vswhom-sys"	"0.1.3"	"MIT"	"vswhom-sys_0.1.3__LICENSE"	"included"
"cargo"	"walkdir"	"2.5.0"	"Unlicense/MIT"	"walkdir_2.5.0__COPYING;walkdir_2.5.0__LICENSE-MIT"	"included"
"cargo"	"want"	"0.3.1"	"MIT"	"want_0.3.1__LICENSE"	"included"
"cargo"	"web_atoms"	"0.2.6"	"MIT OR Apache-2.0"	"web_atoms_0.2.6__LICENSE-APACHE;web_atoms_0.2.6__LICENSE-MIT"	"included"
"cargo"	"webview2-com"	"0.38.2"	"MIT"	""	"missing"
"cargo"	"webview2-com-macros"	"0.8.1"	"MIT"	""	"missing"
"cargo"	"webview2-com-sys"	"0.38.2"	"MIT"	""	"missing"
"cargo"	"winapi-util"	"0.1.11"	"Unlicense OR MIT"	"winapi-util_0.1.11__COPYING;winapi-util_0.1.11__LICENSE-MIT"	"included"
"cargo"	"window-vibrancy"	"0.6.0"	"Apache-2.0 OR MIT"	"window-vibrancy_0.6.0__LICENSE-APACHE;window-vibrancy_0.6.0__LICENSE-MIT;window-vibrancy_0.6.0__LICENSE.spdx"	"included"
"cargo"	"windows"	"0.61.3"	"MIT OR Apache-2.0"	"windows_0.61.3__license-apache-2.0;windows_0.61.3__license-mit"	"included"
"cargo"	"windows_x86_64_msvc"	"0.52.6"	"MIT OR Apache-2.0"	"windows_x86_64_msvc_0.52.6__license-apache-2.0;windows_x86_64_msvc_0.52.6__license-mit"	"included"
"cargo"	"windows_x86_64_msvc"	"0.53.1"	"MIT OR Apache-2.0"	"windows_x86_64_msvc_0.53.1__license-apache-2.0;windows_x86_64_msvc_0.53.1__license-mit"	"included"
"cargo"	"windows-collections"	"0.2.0"	"MIT OR Apache-2.0"	"windows-collections_0.2.0__license-apache-2.0;windows-collections_0.2.0__license-mit"	"included"
"cargo"	"windows-core"	"0.61.2"	"MIT OR Apache-2.0"	"windows-core_0.61.2__license-apache-2.0;windows-core_0.61.2__license-mit"	"included"
"cargo"	"windows-future"	"0.2.1"	"MIT OR Apache-2.0"	"windows-future_0.2.1__license-apache-2.0;windows-future_0.2.1__license-mit"	"included"
"cargo"	"windows-implement"	"0.60.2"	"MIT OR Apache-2.0"	"windows-implement_0.60.2__license-apache-2.0;windows-implement_0.60.2__license-mit"	"included"
"cargo"	"windows-interface"	"0.59.3"	"MIT OR Apache-2.0"	"windows-interface_0.59.3__license-apache-2.0;windows-interface_0.59.3__license-mit"	"included"
"cargo"	"windows-link"	"0.1.3"	"MIT OR Apache-2.0"	"windows-link_0.1.3__license-apache-2.0;windows-link_0.1.3__license-mit"	"included"
"cargo"	"windows-link"	"0.2.1"	"MIT OR Apache-2.0"	"windows-link_0.2.1__license-apache-2.0;windows-link_0.2.1__license-mit"	"included"
"cargo"	"windows-numerics"	"0.2.0"	"MIT OR Apache-2.0"	"windows-numerics_0.2.0__license-apache-2.0;windows-numerics_0.2.0__license-mit"	"included"
"cargo"	"windows-registry"	"0.6.1"	"MIT OR Apache-2.0"	"windows-registry_0.6.1__license-apache-2.0;windows-registry_0.6.1__license-mit"	"included"
"cargo"	"windows-result"	"0.3.4"	"MIT OR Apache-2.0"	"windows-result_0.3.4__license-apache-2.0;windows-result_0.3.4__license-mit"	"included"
"cargo"	"windows-result"	"0.4.1"	"MIT OR Apache-2.0"	"windows-result_0.4.1__license-apache-2.0;windows-result_0.4.1__license-mit"	"included"
"cargo"	"windows-strings"	"0.4.2"	"MIT OR Apache-2.0"	"windows-strings_0.4.2__license-apache-2.0;windows-strings_0.4.2__license-mit"	"included"
"cargo"	"windows-strings"	"0.5.1"	"MIT OR Apache-2.0"	"windows-strings_0.5.1__license-apache-2.0;windows-strings_0.5.1__license-mit"	"included"
"cargo"	"windows-sys"	"0.59.0"	"MIT OR Apache-2.0"	"windows-sys_0.59.0__license-apache-2.0;windows-sys_0.59.0__license-mit"	"included"
"cargo"	"windows-sys"	"0.60.2"	"MIT OR Apache-2.0"	"windows-sys_0.60.2__license-apache-2.0;windows-sys_0.60.2__license-mit"	"included"
"cargo"	"windows-sys"	"0.61.2"	"MIT OR Apache-2.0"	"windows-sys_0.61.2__license-apache-2.0;windows-sys_0.61.2__license-mit"	"included"
"cargo"	"windows-targets"	"0.52.6"	"MIT OR Apache-2.0"	"windows-targets_0.52.6__license-apache-2.0;windows-targets_0.52.6__license-mit"	"included"
"cargo"	"windows-targets"	"0.53.5"	"MIT OR Apache-2.0"	"windows-targets_0.53.5__license-apache-2.0;windows-targets_0.53.5__license-mit"	"included"
"cargo"	"windows-threading"	"0.1.0"	"MIT OR Apache-2.0"	"windows-threading_0.1.0__license-apache-2.0;windows-threading_0.1.0__license-mit"	"included"
"cargo"	"windows-version"	"0.1.7"	"MIT OR Apache-2.0"	"windows-version_0.1.7__license-apache-2.0;windows-version_0.1.7__license-mit"	"included"
"cargo"	"winnow"	"0.7.15"	"MIT"	"winnow_0.7.15__LICENSE-MIT"	"included"
"cargo"	"winnow"	"1.0.4"	"MIT"	"winnow_1.0.4__LICENSE-MIT"	"included"
"cargo"	"winreg"	"0.55.0"	"MIT"	"winreg_0.55.0__LICENSE"	"included"
"cargo"	"writeable"	"0.6.4"	"Unicode-3.0"	"writeable_0.6.4__LICENSE"	"included"
"cargo"	"wry"	"0.55.1"	"Apache-2.0 OR MIT"	"wry_0.55.1__LICENSE-APACHE;wry_0.55.1__LICENSE-MIT;wry_0.55.1__LICENSE.spdx"	"included"
"cargo"	"yoke"	"0.8.3"	"Unicode-3.0"	"yoke_0.8.3__LICENSE"	"included"
"cargo"	"yoke-derive"	"0.8.3"	"Unicode-3.0"	"yoke-derive_0.8.3__LICENSE"	"included"
"cargo"	"zerofrom"	"0.1.8"	"Unicode-3.0"	"zerofrom_0.1.8__LICENSE"	"included"
"cargo"	"zerofrom-derive"	"0.1.8"	"Unicode-3.0"	"zerofrom-derive_0.1.8__LICENSE"	"included"
"cargo"	"zeroize"	"1.9.0"	"Apache-2.0 OR MIT"	"zeroize_1.9.0__LICENSE-APACHE;zeroize_1.9.0__LICENSE-MIT"	"included"
"cargo"	"zerotrie"	"0.2.5"	"Unicode-3.0"	"zerotrie_0.2.5__LICENSE"	"included"
"cargo"	"zerovec"	"0.11.8"	"Unicode-3.0"	"zerovec_0.11.8__LICENSE"	"included"
"cargo"	"zerovec-derive"	"0.11.6"	"Unicode-3.0"	"zerovec-derive_0.11.6__LICENSE"	"included"
"cargo"	"zip"	"4.6.1"	"MIT"	"zip_4.6.1__LICENSE"	"included"
"cargo"	"zlib-rs"	"0.6.8"	"Zlib"	"zlib-rs_0.6.8__LICENSE"	"included"
"cargo"	"zmij"	"1.0.23"	"MIT"	"zmij_1.0.23__LICENSE-MIT"	"included"
"npm"	"@antfu/install-pkg"	"2.1.0"	"MIT"	"_antfu_install-pkg_2.1.0__LICENSE"	"included"
"npm"	"@babel/runtime"	"7.29.7"	"MIT"	"_babel_runtime_7.29.7__LICENSE"	"included"
"npm"	"@blocknote/core"	"0.54.2"	"MPL-2.0"	"_blocknote_core_0.54.2__LICENSE"	"included"
"npm"	"@blocknote/diagram-block"	"0.54.2"	"MPL-2.0"	"_blocknote_diagram-block_0.54.2__LICENSE"	"included"
"npm"	"@blocknote/mantine"	"0.54.2"	"MPL-2.0"	"_blocknote_mantine_0.54.2__LICENSE"	"included"
"npm"	"@blocknote/math-block"	"0.54.2"	"MPL-2.0"	"_blocknote_math-block_0.54.2__LICENSE"	"included"
"npm"	"@blocknote/react"	"0.54.2"	"MPL-2.0"	"_blocknote_react_0.54.2__LICENSE"	"included"
"npm"	"@blocknote/xl-multi-column"	"0.54.0"	"GPL-3.0 OR PROPRIETARY"	"_blocknote_xl-multi-column_0.54.0__LICENSE"	"included"
"npm"	"@braintree/sanitize-url"	"6.0.2"	"MIT"	"_braintree_sanitize-url_6.0.2__LICENSE"	"included"
"npm"	"@braintree/sanitize-url"	"7.1.2"	"MIT"	"_braintree_sanitize-url_7.1.2__LICENSE"	"included"
"npm"	"@chevrotain/cst-dts-gen"	"11.0.3"	"Apache-2.0"	"_chevrotain_cst-dts-gen_11.0.3__LICENSE.txt"	"included"
"npm"	"@chevrotain/gast"	"11.0.3"	"Apache-2.0"	"_chevrotain_gast_11.0.3__LICENSE.txt"	"included"
"npm"	"@chevrotain/regexp-to-ast"	"11.0.3"	"Apache-2.0"	"_chevrotain_regexp-to-ast_11.0.3__LICENSE.txt"	"included"
"npm"	"@chevrotain/types"	"11.0.3"	"Apache-2.0"	"_chevrotain_types_11.0.3__LICENSE.txt"	"included"
"npm"	"@chevrotain/types"	"11.1.2"	"Apache-2.0"	"_chevrotain_types_11.1.2__LICENSE.txt"	"included"
"npm"	"@chevrotain/utils"	"11.0.3"	"Apache-2.0"	"_chevrotain_utils_11.0.3__LICENSE.txt"	"included"
"npm"	"@emoji-mart/data"	"1.2.1"	"MIT"	"_emoji-mart_data_1.2.1__LICENSE"	"included"
"npm"	"@excalidraw/excalidraw"	"0.18.1"	"MIT"	"_excalidraw_excalidraw_0.18.1__LICENSE"	"included"
"npm"	"@excalidraw/laser-pointer"	"1.3.1"	"MIT"	"_excalidraw_laser-pointer_1.3.1__LICENSE"	"included"
"npm"	"@excalidraw/markdown-to-text"	"0.1.2"	"MIT"	"_excalidraw_markdown-to-text_0.1.2__LICENSE"	"included"
"npm"	"@excalidraw/mermaid-to-excalidraw"	"2.2.2"	"MIT"	"_excalidraw_mermaid-to-excalidraw_2.2.2__LICENSE"	"included"
"npm"	"@excalidraw/random-username"	"1.1.0"	"MIT"	"_excalidraw_random-username_1.1.0__LICENSE"	"included"
"npm"	"@floating-ui/core"	"1.8.0"	"MIT"	"_floating-ui_core_1.8.0__LICENSE"	"included"
"npm"	"@floating-ui/dom"	"1.8.0"	"MIT"	"_floating-ui_dom_1.8.0__LICENSE"	"included"
"npm"	"@floating-ui/react"	"0.27.20"	"MIT"	"_floating-ui_react_0.27.20__LICENSE"	"included"
"npm"	"@floating-ui/react-dom"	"2.1.9"	"MIT"	"_floating-ui_react-dom_2.1.9__LICENSE"	"included"
"npm"	"@floating-ui/utils"	"0.2.12"	"MIT"	"_floating-ui_utils_0.2.12__LICENSE"	"included"
"npm"	"@handlewithcare/prosemirror-inputrules"	"0.1.4"	"MIT"	"_handlewithcare_prosemirror-inputrules_0.1.4__LICENSE"	"included"
"npm"	"@iconify/types"	"2.0.0"	"MIT"	"_iconify_types_2.0.0__license.txt"	"included"
"npm"	"@iconify/utils"	"3.1.7"	"MIT"	"_iconify_utils_3.1.7__license.txt"	"included"
"npm"	"@mantine/core"	"9.6.2"	"MIT"	"_mantine_core_9.6.2__LICENSE"	"included"
"npm"	"@mantine/hooks"	"9.6.2"	"MIT"	"_mantine_hooks_9.6.2__LICENSE"	"included"
"npm"	"@mantine/utils"	"6.0.22"	"MIT"	""	"missing"
"npm"	"@mermaid-js/parser"	"0.6.3"	"MIT"	"_mermaid-js_parser_0.6.3__LICENSE"	"included"
"npm"	"@mermaid-js/parser"	"1.2.1"	"MIT"	"_mermaid-js_parser_1.2.1__LICENSE"	"included"
"npm"	"@radix-ui/primitive"	"1.0.0"	"MIT"	""	"missing"
"npm"	"@radix-ui/primitive"	"1.1.1"	"MIT"	""	"missing"
"npm"	"@radix-ui/react-arrow"	"1.1.2"	"MIT"	""	"missing"
"npm"	"@radix-ui/react-collection"	"1.0.1"	"MIT"	""	"missing"
"npm"	"@radix-ui/react-compose-refs"	"1.0.0"	"MIT"	""	"missing"
"npm"	"@radix-ui/react-compose-refs"	"1.1.1"	"MIT"	""	"missing"
"npm"	"@radix-ui/react-context"	"1.0.0"	"MIT"	""	"missing"
"npm"	"@radix-ui/react-context"	"1.1.1"	"MIT"	""	"missing"
"npm"	"@radix-ui/react-direction"	"1.0.0"	"MIT"	""	"missing"
"npm"	"@radix-ui/react-dismissable-layer"	"1.1.5"	"MIT"	""	"missing"
"npm"	"@radix-ui/react-focus-guards"	"1.1.1"	"MIT"	""	"missing"
"npm"	"@radix-ui/react-focus-scope"	"1.1.2"	"MIT"	""	"missing"
"npm"	"@radix-ui/react-id"	"1.0.0"	"MIT"	""	"missing"
"npm"	"@radix-ui/react-id"	"1.1.0"	"MIT"	""	"missing"
"npm"	"@radix-ui/react-popover"	"1.1.6"	"MIT"	""	"missing"
"npm"	"@radix-ui/react-popper"	"1.2.2"	"MIT"	""	"missing"
"npm"	"@radix-ui/react-portal"	"1.1.4"	"MIT"	""	"missing"
"npm"	"@radix-ui/react-presence"	"1.0.0"	"MIT"	""	"missing"
"npm"	"@radix-ui/react-presence"	"1.1.2"	"MIT"	""	"missing"
"npm"	"@radix-ui/react-primitive"	"1.0.1"	"MIT"	""	"missing"
"npm"	"@radix-ui/react-primitive"	"2.0.2"	"MIT"	""	"missing"
"npm"	"@radix-ui/react-roving-focus"	"1.0.2"	"MIT"	""	"missing"
"npm"	"@radix-ui/react-slot"	"1.0.1"	"MIT"	""	"missing"
"npm"	"@radix-ui/react-slot"	"1.1.2"	"MIT"	""	"missing"
"npm"	"@radix-ui/react-tabs"	"1.0.2"	"MIT"	""	"missing"
"npm"	"@radix-ui/react-use-callback-ref"	"1.0.0"	"MIT"	""	"missing"
"npm"	"@radix-ui/react-use-callback-ref"	"1.1.0"	"MIT"	""	"missing"
"npm"	"@radix-ui/react-use-controllable-state"	"1.0.0"	"MIT"	""	"missing"
"npm"	"@radix-ui/react-use-controllable-state"	"1.1.0"	"MIT"	""	"missing"
"npm"	"@radix-ui/react-use-escape-keydown"	"1.1.0"	"MIT"	""	"missing"
"npm"	"@radix-ui/react-use-layout-effect"	"1.0.0"	"MIT"	""	"missing"
"npm"	"@radix-ui/react-use-layout-effect"	"1.1.0"	"MIT"	""	"missing"
"npm"	"@radix-ui/react-use-rect"	"1.1.0"	"MIT"	""	"missing"
"npm"	"@radix-ui/react-use-size"	"1.1.0"	"MIT"	""	"missing"
"npm"	"@radix-ui/rect"	"1.1.0"	"MIT"	""	"missing"
"npm"	"@shikijs/types"	"4.4.3"	"MIT"	"_shikijs_types_4.4.3__LICENSE"	"included"
"npm"	"@shikijs/vscode-textmate"	"10.0.2"	"MIT"	"_shikijs_vscode-textmate_10.0.2__LICENSE.md"	"included"
"npm"	"@tauri-apps/api"	"2.11.1"	"Apache-2.0 OR MIT"	"_tauri-apps_api_2.11.1__LICENSE_APACHE-2.0;_tauri-apps_api_2.11.1__LICENSE_MIT"	"included"
"npm"	"@tauri-apps/plugin-updater"	"2.12.0"	"MIT OR Apache-2.0"	"_tauri-apps_plugin-updater_2.12.0__LICENSE.spdx"	"included"
"npm"	"@tiptap/core"	"3.31.3"	"MIT"	"_tiptap_core_3.31.3__LICENSE.md"	"included"
"npm"	"@tiptap/extension-bold"	"3.31.3"	"MIT"	"_tiptap_extension-bold_3.31.3__LICENSE.md"	"included"
"npm"	"@tiptap/extension-bubble-menu"	"3.31.3"	"MIT"	"_tiptap_extension-bubble-menu_3.31.3__LICENSE.md"	"included"
"npm"	"@tiptap/extension-code"	"3.31.3"	"MIT"	"_tiptap_extension-code_3.31.3__LICENSE.md"	"included"
"npm"	"@tiptap/extension-find-and-replace"	"3.31.3"	"MIT"	"_tiptap_extension-find-and-replace_3.31.3__LICENSE.md"	"included"
"npm"	"@tiptap/extension-floating-menu"	"3.31.3"	"MIT"	"_tiptap_extension-floating-menu_3.31.3__LICENSE.md"	"included"
"npm"	"@tiptap/extension-italic"	"3.31.3"	"MIT"	"_tiptap_extension-italic_3.31.3__LICENSE.md"	"included"
"npm"	"@tiptap/extension-strike"	"3.31.3"	"MIT"	"_tiptap_extension-strike_3.31.3__LICENSE.md"	"included"
"npm"	"@tiptap/extension-text"	"3.31.3"	"MIT"	"_tiptap_extension-text_3.31.3__LICENSE.md"	"included"
"npm"	"@tiptap/extension-underline"	"3.31.3"	"MIT"	"_tiptap_extension-underline_3.31.3__LICENSE.md"	"included"
"npm"	"@tiptap/extensions"	"3.31.3"	"MIT"	"_tiptap_extensions_3.31.3__LICENSE.md"	"included"
"npm"	"@tiptap/pm"	"3.31.3"	"MIT"	"_tiptap_pm_3.31.3__LICENSE"	"included"
"npm"	"@tiptap/react"	"3.31.3"	"MIT"	"_tiptap_react_3.31.3__LICENSE.md"	"included"
"npm"	"@types/d3"	"7.4.3"	"MIT"	"_types_d3_7.4.3__LICENSE"	"included"
"npm"	"@types/d3-array"	"3.2.2"	"MIT"	"_types_d3-array_3.2.2__LICENSE"	"included"
"npm"	"@types/d3-axis"	"3.0.6"	"MIT"	"_types_d3-axis_3.0.6__LICENSE"	"included"
"npm"	"@types/d3-brush"	"3.0.6"	"MIT"	"_types_d3-brush_3.0.6__LICENSE"	"included"
"npm"	"@types/d3-chord"	"3.0.6"	"MIT"	"_types_d3-chord_3.0.6__LICENSE"	"included"
"npm"	"@types/d3-color"	"3.1.3"	"MIT"	"_types_d3-color_3.1.3__LICENSE"	"included"
"npm"	"@types/d3-contour"	"3.0.6"	"MIT"	"_types_d3-contour_3.0.6__LICENSE"	"included"
"npm"	"@types/d3-delaunay"	"6.0.4"	"MIT"	"_types_d3-delaunay_6.0.4__LICENSE"	"included"
"npm"	"@types/d3-dispatch"	"3.0.7"	"MIT"	"_types_d3-dispatch_3.0.7__LICENSE"	"included"
"npm"	"@types/d3-drag"	"3.0.7"	"MIT"	"_types_d3-drag_3.0.7__LICENSE"	"included"
"npm"	"@types/d3-dsv"	"3.0.7"	"MIT"	"_types_d3-dsv_3.0.7__LICENSE"	"included"
"npm"	"@types/d3-ease"	"3.0.2"	"MIT"	"_types_d3-ease_3.0.2__LICENSE"	"included"
"npm"	"@types/d3-fetch"	"3.0.7"	"MIT"	"_types_d3-fetch_3.0.7__LICENSE"	"included"
"npm"	"@types/d3-force"	"3.0.10"	"MIT"	"_types_d3-force_3.0.10__LICENSE"	"included"
"npm"	"@types/d3-format"	"3.0.4"	"MIT"	"_types_d3-format_3.0.4__LICENSE"	"included"
"npm"	"@types/d3-geo"	"3.1.1"	"MIT"	"_types_d3-geo_3.1.1__LICENSE"	"included"
"npm"	"@types/d3-hierarchy"	"3.1.7"	"MIT"	"_types_d3-hierarchy_3.1.7__LICENSE"	"included"
"npm"	"@types/d3-interpolate"	"3.0.4"	"MIT"	"_types_d3-interpolate_3.0.4__LICENSE"	"included"
"npm"	"@types/d3-path"	"3.1.1"	"MIT"	"_types_d3-path_3.1.1__LICENSE"	"included"
"npm"	"@types/d3-polygon"	"3.0.2"	"MIT"	"_types_d3-polygon_3.0.2__LICENSE"	"included"
"npm"	"@types/d3-quadtree"	"3.0.6"	"MIT"	"_types_d3-quadtree_3.0.6__LICENSE"	"included"
"npm"	"@types/d3-random"	"3.0.4"	"MIT"	"_types_d3-random_3.0.4__LICENSE"	"included"
"npm"	"@types/d3-scale"	"4.0.9"	"MIT"	"_types_d3-scale_4.0.9__LICENSE"	"included"
"npm"	"@types/d3-scale-chromatic"	"3.1.0"	"MIT"	"_types_d3-scale-chromatic_3.1.0__LICENSE"	"included"
"npm"	"@types/d3-selection"	"3.0.12"	"MIT"	"_types_d3-selection_3.0.12__LICENSE"	"included"
"npm"	"@types/d3-shape"	"3.2.0"	"MIT"	"_types_d3-shape_3.2.0__LICENSE"	"included"
"npm"	"@types/d3-time"	"3.0.4"	"MIT"	"_types_d3-time_3.0.4__LICENSE"	"included"
"npm"	"@types/d3-time-format"	"4.0.3"	"MIT"	"_types_d3-time-format_4.0.3__LICENSE"	"included"
"npm"	"@types/d3-timer"	"3.0.2"	"MIT"	"_types_d3-timer_3.0.2__LICENSE"	"included"
"npm"	"@types/d3-transition"	"3.0.9"	"MIT"	"_types_d3-transition_3.0.9__LICENSE"	"included"
"npm"	"@types/d3-zoom"	"3.0.8"	"MIT"	"_types_d3-zoom_3.0.8__LICENSE"	"included"
"npm"	"@types/geojson"	"7946.0.16"	"MIT"	"_types_geojson_7946.0.16__LICENSE"	"included"
"npm"	"@types/hast"	"3.0.5"	"MIT"	"_types_hast_3.0.5__LICENSE"	"included"
"npm"	"@types/react"	"19.3.0"	"MIT"	"_types_react_19.3.0__LICENSE"	"included"
"npm"	"@types/react-dom"	"19.3.0"	"MIT"	"_types_react-dom_19.3.0__LICENSE"	"included"
"npm"	"@types/trusted-types"	"2.0.7"	"MIT"	"_types_trusted-types_2.0.7__LICENSE"	"included"
"npm"	"@types/unist"	"3.0.3"	"MIT"	"_types_unist_3.0.3__LICENSE"	"included"
"npm"	"@types/use-sync-external-store"	"0.0.6"	"MIT"	"_types_use-sync-external-store_0.0.6__LICENSE"	"included"
"npm"	"@types/use-sync-external-store"	"1.5.0"	"MIT"	"_types_use-sync-external-store_1.5.0__LICENSE"	"included"
"npm"	"@upsetjs/venn.js"	"2.0.0"	"MIT"	"_upsetjs_venn.js_2.0.0__LICENSE"	"included"
"npm"	"anymatch"	"3.1.3"	"ISC"	"anymatch_3.1.3__LICENSE"	"included"
"npm"	"aria-hidden"	"1.2.6"	"MIT"	"aria-hidden_1.2.6__LICENSE"	"included"
"npm"	"binary-extensions"	"2.3.0"	"MIT"	"binary-extensions_2.3.0__license"	"included"
"npm"	"braces"	"3.0.3"	"MIT"	"braces_3.0.3__LICENSE"	"included"
"npm"	"browser-fs-access"	"0.29.1"	"Apache-2.0"	"browser-fs-access_0.29.1__LICENSE"	"included"
"npm"	"canvas-roundrect-polyfill"	"0.0.1"	"MIT"	"canvas-roundrect-polyfill_0.0.1__LICENSE"	"included"
"npm"	"chevrotain"	"11.0.3"	"Apache-2.0"	"chevrotain_11.0.3__LICENSE.txt"	"included"
"npm"	"chevrotain-allstar"	"0.3.1"	"MIT"	"chevrotain-allstar_0.3.1__LICENSE"	"included"
"npm"	"chokidar"	"3.6.0"	"MIT"	"chokidar_3.6.0__LICENSE"	"included"
"npm"	"clsx"	"1.1.1"	"MIT"	"clsx_1.1.1__license"	"included"
"npm"	"clsx"	"2.1.1"	"MIT"	"clsx_2.1.1__license"	"included"
"npm"	"commander"	"7.2.0"	"MIT"	"commander_7.2.0__LICENSE"	"included"
"npm"	"commander"	"8.3.0"	"MIT"	"commander_8.3.0__LICENSE"	"included"
"npm"	"cose-base"	"1.0.3"	"MIT"	"cose-base_1.0.3__LICENSE"	"included"
"npm"	"cose-base"	"2.2.0"	"MIT"	"cose-base_2.2.0__LICENSE"	"included"
"npm"	"crc-32"	"0.3.0"	"Apache-2.0"	"crc-32_0.3.0__LICENSE"	"included"
"npm"	"cross-env"	"7.0.3"	"MIT"	"cross-env_7.0.3__LICENSE"	"included"
"npm"	"cross-spawn"	"7.0.6"	"MIT"	"cross-spawn_7.0.6__LICENSE"	"included"
"npm"	"csstype"	"3.2.3"	"MIT"	"csstype_3.2.3__LICENSE"	"included"
"npm"	"cytoscape"	"3.34.3"	"MIT"	"cytoscape_3.34.3__LICENSE"	"included"
"npm"	"cytoscape-cose-bilkent"	"4.1.0"	"MIT"	"cytoscape-cose-bilkent_4.1.0__LICENSE"	"included"
"npm"	"cytoscape-fcose"	"2.2.0"	"MIT"	"cytoscape-fcose_2.2.0__LICENSE"	"included"
"npm"	"d3"	"7.9.0"	"ISC"	"d3_7.9.0__LICENSE"	"included"
"npm"	"d3-array"	"2.12.1"	"BSD-3-Clause"	"d3-array_2.12.1__LICENSE"	"included"
"npm"	"d3-array"	"3.2.4"	"ISC"	"d3-array_3.2.4__LICENSE"	"included"
"npm"	"d3-axis"	"3.0.0"	"ISC"	"d3-axis_3.0.0__LICENSE"	"included"
"npm"	"d3-brush"	"3.0.0"	"ISC"	"d3-brush_3.0.0__LICENSE"	"included"
"npm"	"d3-chord"	"3.0.1"	"ISC"	"d3-chord_3.0.1__LICENSE"	"included"
"npm"	"d3-color"	"3.1.0"	"ISC"	"d3-color_3.1.0__LICENSE"	"included"
"npm"	"d3-contour"	"4.0.2"	"ISC"	"d3-contour_4.0.2__LICENSE"	"included"
"npm"	"d3-delaunay"	"6.0.4"	"ISC"	"d3-delaunay_6.0.4__LICENSE"	"included"
"npm"	"d3-dispatch"	"3.0.1"	"ISC"	"d3-dispatch_3.0.1__LICENSE"	"included"
"npm"	"d3-drag"	"3.0.0"	"ISC"	"d3-drag_3.0.0__LICENSE"	"included"
"npm"	"d3-dsv"	"3.0.1"	"ISC"	"d3-dsv_3.0.1__LICENSE"	"included"
"npm"	"d3-ease"	"3.0.1"	"BSD-3-Clause"	"d3-ease_3.0.1__LICENSE"	"included"
"npm"	"d3-fetch"	"3.0.1"	"ISC"	"d3-fetch_3.0.1__LICENSE"	"included"
"npm"	"d3-force"	"3.0.0"	"ISC"	"d3-force_3.0.0__LICENSE"	"included"
"npm"	"d3-format"	"3.1.2"	"ISC"	"d3-format_3.1.2__LICENSE"	"included"
"npm"	"d3-geo"	"3.1.1"	"ISC"	"d3-geo_3.1.1__LICENSE"	"included"
"npm"	"d3-hierarchy"	"3.1.2"	"ISC"	"d3-hierarchy_3.1.2__LICENSE"	"included"
"npm"	"d3-interpolate"	"3.0.1"	"ISC"	"d3-interpolate_3.0.1__LICENSE"	"included"
"npm"	"d3-path"	"1.0.9"	"BSD-3-Clause"	"d3-path_1.0.9__LICENSE"	"included"
"npm"	"d3-path"	"3.1.0"	"ISC"	"d3-path_3.1.0__LICENSE"	"included"
"npm"	"d3-polygon"	"3.0.1"	"ISC"	"d3-polygon_3.0.1__LICENSE"	"included"
"npm"	"d3-quadtree"	"3.0.1"	"ISC"	"d3-quadtree_3.0.1__LICENSE"	"included"
"npm"	"d3-random"	"3.0.1"	"ISC"	"d3-random_3.0.1__LICENSE"	"included"
"npm"	"d3-sankey"	"0.12.3"	"BSD-3-Clause"	"d3-sankey_0.12.3__LICENSE"	"included"
"npm"	"d3-scale"	"4.0.2"	"ISC"	"d3-scale_4.0.2__LICENSE"	"included"
"npm"	"d3-scale-chromatic"	"3.1.0"	"ISC"	"d3-scale-chromatic_3.1.0__LICENSE"	"included"
"npm"	"d3-selection"	"3.0.0"	"ISC"	"d3-selection_3.0.0__LICENSE"	"included"
"npm"	"d3-shape"	"1.3.7"	"BSD-3-Clause"	"d3-shape_1.3.7__LICENSE"	"included"
"npm"	"d3-shape"	"3.2.0"	"ISC"	"d3-shape_3.2.0__LICENSE"	"included"
"npm"	"d3-time"	"3.1.0"	"ISC"	"d3-time_3.1.0__LICENSE"	"included"
"npm"	"d3-time-format"	"4.1.0"	"ISC"	"d3-time-format_4.1.0__LICENSE"	"included"
"npm"	"d3-timer"	"3.0.1"	"ISC"	"d3-timer_3.0.1__LICENSE"	"included"
"npm"	"d3-transition"	"3.0.1"	"ISC"	"d3-transition_3.0.1__LICENSE"	"included"
"npm"	"d3-zoom"	"3.0.0"	"ISC"	"d3-zoom_3.0.0__LICENSE"	"included"
"npm"	"dagre-d3-es"	"7.0.14"	"MIT"	"dagre-d3-es_7.0.14__LICENSE.md"	"included"
"npm"	"dayjs"	"1.11.23"	"MIT"	"dayjs_1.11.23__LICENSE"	"included"
"npm"	"delaunator"	"5.1.0"	"ISC"	"delaunator_5.1.0__LICENSE"	"included"
"npm"	"detect-node-es"	"1.1.0"	"MIT"	"detect-node-es_1.1.0__LICENSE"	"included"
"npm"	"dompurify"	"3.4.15"	"(MPL-2.0 OR Apache-2.0)"	"dompurify_3.4.15__LICENSE;dompurify_3.4.15__LICENSE-MPL"	"included"
"npm"	"emoji-mart"	"5.6.0"	"MIT"	"emoji-mart_5.6.0__LICENSE"	"included"
"npm"	"es-toolkit"	"1.52.0"	"MIT"	"es-toolkit_1.52.0__LICENSE;es-toolkit_1.52.0__NOTICE"	"included"
"npm"	"es6-promise-pool"	"2.5.0"	"MIT"	"es6-promise-pool_2.5.0__LICENSE"	"included"
"npm"	"fast-deep-equal"	"3.1.3"	"MIT"	"fast-deep-equal_3.1.3__LICENSE"	"included"
"npm"	"fast-equals"	"5.4.3"	"MIT"	"fast-equals_5.4.3__LICENSE"	"included"
"npm"	"fastdom"	"1.0.12"	"MIT"	""	"missing"
"npm"	"fill-range"	"7.1.1"	"MIT"	"fill-range_7.1.1__LICENSE"	"included"
"npm"	"fractional-indexing"	"3.2.0"	"CC0-1.0"	"fractional-indexing_3.2.0__LICENSE"	"included"
"npm"	"fsevents"	"2.3.3"	"MIT"	""	"missing"
"npm"	"fuzzy"	"0.1.3"	""	"fuzzy_0.1.3__LICENSE-MIT"	"included"
"npm"	"get-nonce"	"1.0.1"	"MIT"	"get-nonce_1.0.1__LICENSE"	"included"
"npm"	"glob-parent"	"5.1.2"	"ISC"	"glob-parent_5.1.2__LICENSE"	"included"
"npm"	"glur"	"1.1.2"	"MIT"	"glur_1.1.2__LICENSE"	"included"
"npm"	"hachure-fill"	"0.5.2"	"MIT"	"hachure-fill_0.5.2__LICENSE"	"included"
"npm"	"iconv-lite"	"0.6.3"	"MIT"	"iconv-lite_0.6.3__LICENSE"	"included"
"npm"	"image-blob-reduce"	"3.0.1"	"MIT"	"image-blob-reduce_3.0.1__LICENSE"	"included"
"npm"	"immutable"	"4.3.9"	"MIT"	"immutable_4.3.9__LICENSE"	"included"
"npm"	"import-meta-resolve"	"4.2.0"	"MIT"	"import-meta-resolve_4.2.0__license"	"included"
"npm"	"inherits"	"2.0.4"	"ISC"	"inherits_2.0.4__LICENSE"	"included"
"npm"	"internmap"	"1.0.1"	"ISC"	"internmap_1.0.1__LICENSE"	"included"
"npm"	"internmap"	"2.0.3"	"ISC"	"internmap_2.0.3__LICENSE"	"included"
"npm"	"is-binary-path"	"2.1.0"	"MIT"	"is-binary-path_2.1.0__license"	"included"
"npm"	"is-extglob"	"2.1.1"	"MIT"	"is-extglob_2.1.1__LICENSE"	"included"
"npm"	"is-glob"	"4.0.3"	"MIT"	"is-glob_4.0.3__LICENSE"	"included"
"npm"	"is-number"	"7.0.0"	"MIT"	"is-number_7.0.0__LICENSE"	"included"
"npm"	"isexe"	"2.0.0"	"ISC"	"isexe_2.0.0__LICENSE"	"included"
"npm"	"jotai"	"2.11.0"	"MIT"	"jotai_2.11.0__LICENSE"	"included"
"npm"	"jotai-scope"	"0.7.2"	"MIT"	"jotai-scope_0.7.2__LICENSE"	"included"
"npm"	"katex"	"0.16.47"	"MIT"	"katex_0.16.47__LICENSE"	"included"
"npm"	"khroma"	"2.1.0"	""	"khroma_2.1.0__license"	"included"
"npm"	"langium"	"3.3.1"	"MIT"	"langium_3.3.1__LICENSE"	"included"
"npm"	"layout-base"	"1.0.2"	"MIT"	"layout-base_1.0.2__LICENSE"	"included"
"npm"	"layout-base"	"2.0.1"	"MIT"	"layout-base_2.0.1__LICENSE"	"included"
"npm"	"lib0"	"1.0.0-rc.22"	"MIT"	"lib0_1.0.0-rc.22__LICENSE"	"included"
"npm"	"lodash-es"	"4.17.21"	"MIT"	"lodash-es_4.17.21__LICENSE"	"included"
"npm"	"lodash.debounce"	"4.0.8"	"MIT"	"lodash.debounce_4.0.8__LICENSE"	"included"
"npm"	"lodash.throttle"	"4.1.1"	"MIT"	"lodash.throttle_4.1.1__LICENSE"	"included"
"npm"	"lucide-react"	"1.47.0"	"ISC"	"lucide-react_1.47.0__LICENSE"	"included"
"npm"	"marked"	"16.4.2"	"MIT"	"marked_16.4.2__LICENSE.md"	"included"
"npm"	"mermaid"	"11.17.2"	"MIT"	"mermaid_11.17.2__LICENSE"	"included"
"npm"	"multimath"	"2.0.0"	"MIT"	"multimath_2.0.0__LICENSE"	"included"
"npm"	"nanoid"	"3.3.3"	"MIT"	"nanoid_3.3.3__LICENSE"	"included"
"npm"	"nanoid"	"4.0.2"	"MIT"	"nanoid_4.0.2__LICENSE"	"included"
"npm"	"normalize-path"	"3.0.0"	"MIT"	"normalize-path_3.0.0__LICENSE"	"included"
"npm"	"object-assign"	"4.1.1"	"MIT"	"object-assign_4.1.1__license"	"included"
"npm"	"open-color"	"1.9.1"	"MIT"	"open-color_1.9.1__LICENSE"	"included"
"npm"	"orderedmap"	"2.1.1"	"MIT"	"orderedmap_2.1.1__LICENSE"	"included"
"npm"	"package-manager-detector"	"1.8.0"	"MIT"	"package-manager-detector_1.8.0__LICENSE"	"included"
"npm"	"pako"	"2.0.3"	"(MIT AND Zlib)"	"pako_2.0.3__LICENSE"	"included"
"npm"	"path-data-parser"	"0.1.0"	"MIT"	"path-data-parser_0.1.0__LICENSE"	"included"
"npm"	"path-key"	"3.1.1"	"MIT"	"path-key_3.1.1__license"	"included"
"npm"	"perfect-freehand"	"1.2.0"	"MIT"	"perfect-freehand_1.2.0__LICENSE"	"included"
"npm"	"pica"	"7.1.1"	"MIT"	"pica_7.1.1__LICENSE"	"included"
"npm"	"picomatch"	"2.3.2"	"MIT"	"picomatch_2.3.2__LICENSE"	"included"
"npm"	"png-chunk-text"	"1.0.0"	"MIT"	"png-chunk-text_1.0.0__LICENSE.md"	"included"
"npm"	"png-chunks-encode"	"1.0.0"	"MIT"	"png-chunks-encode_1.0.0__LICENSE.md"	"included"
"npm"	"png-chunks-extract"	"1.0.0"	"MIT"	"png-chunks-extract_1.0.0__LICENSE.md"	"included"
"npm"	"points-on-curve"	"0.2.0"	"MIT"	"points-on-curve_0.2.0__LICENSE"	"included"
"npm"	"points-on-curve"	"1.0.1"	"MIT"	"points-on-curve_1.0.1__LICENSE"	"included"
"npm"	"points-on-path"	"0.2.1"	"MIT"	"points-on-path_0.2.1__LICENSE"	"included"
"npm"	"prosemirror-changeset"	"2.4.3"	"MIT"	"prosemirror-changeset_2.4.3__LICENSE"	"included"
"npm"	"prosemirror-commands"	"1.7.2"	"MIT"	"prosemirror-commands_1.7.2__LICENSE"	"included"
"npm"	"prosemirror-dropcursor"	"1.8.3"	"MIT"	"prosemirror-dropcursor_1.8.3__LICENSE"	"included"
"npm"	"prosemirror-gapcursor"	"1.4.1"	"MIT"	"prosemirror-gapcursor_1.4.1__LICENSE"	"included"
"npm"	"prosemirror-highlight"	"0.15.3"	"MIT"	"prosemirror-highlight_0.15.3__LICENSE"	"included"
"npm"	"prosemirror-history"	"1.5.0"	"MIT"	"prosemirror-history_1.5.0__LICENSE"	"included"
"npm"	"prosemirror-inputrules"	"1.5.1"	"MIT"	"prosemirror-inputrules_1.5.1__LICENSE"	"included"
"npm"	"prosemirror-keymap"	"1.2.3"	"MIT"	"prosemirror-keymap_1.2.3__LICENSE"	"included"
"npm"	"prosemirror-model"	"1.25.11"	"MIT"	"prosemirror-model_1.25.11__LICENSE"	"included"
"npm"	"prosemirror-schema-list"	"1.5.1"	"MIT"	"prosemirror-schema-list_1.5.1__LICENSE"	"included"
"npm"	"prosemirror-state"	"1.4.4"	"MIT"	"prosemirror-state_1.4.4__LICENSE"	"included"
"npm"	"prosemirror-tables"	"1.8.5"	"MIT"	"prosemirror-tables_1.8.5__LICENSE"	"included"
"npm"	"prosemirror-transform"	"1.12.1"	"MIT"	"prosemirror-transform_1.12.1__LICENSE"	"included"
"npm"	"prosemirror-view"	"1.42.4"	"MIT"	"prosemirror-view_1.42.4__LICENSE"	"included"
"npm"	"pwacompat"	"2.0.17"	"Apache-2.0"	"pwacompat_2.0.17__LICENSE"	"included"
"npm"	"re2js"	"2.8.6"	"MIT"	"re2js_2.8.6__LICENSE"	"included"
"npm"	"react"	"19.3.0"	"MIT"	"react_19.3.0__LICENSE"	"included"
"npm"	"react-dom"	"19.3.0"	"MIT"	"react-dom_19.3.0__LICENSE"	"included"
"npm"	"react-number-format"	"5.4.5"	"MIT"	"react-number-format_5.4.5__LICENSE"	"included"
"npm"	"react-remove-scroll"	"2.7.2"	"MIT"	"react-remove-scroll_2.7.2__LICENSE"	"included"
"npm"	"react-remove-scroll-bar"	"2.3.8"	"MIT"	""	"missing"
"npm"	"react-style-singleton"	"2.2.3"	"MIT"	"react-style-singleton_2.2.3__LICENSE"	"included"
"npm"	"readdirp"	"3.6.0"	"MIT"	"readdirp_3.6.0__LICENSE"	"included"
"npm"	"robust-predicates"	"3.0.3"	"Unlicense"	"robust-predicates_3.0.3__LICENSE"	"included"
"npm"	"rope-sequence"	"1.3.4"	"MIT"	"rope-sequence_1.3.4__LICENSE"	"included"
"npm"	"roughjs"	"4.6.4"	"MIT"	"roughjs_4.6.4__LICENSE"	"included"
"npm"	"roughjs"	"4.6.6"	"MIT"	"roughjs_4.6.6__LICENSE"	"included"
"npm"	"rw"	"1.3.3"	"BSD-3-Clause"	"rw_1.3.3__LICENSE"	"included"
"npm"	"safer-buffer"	"2.1.2"	"MIT"	"safer-buffer_2.1.2__LICENSE"	"included"
"npm"	"sass"	"1.51.0"	"MIT"	"sass_1.51.0__LICENSE"	"included"
"npm"	"scheduler"	"0.28.0"	"MIT"	"scheduler_0.28.0__LICENSE"	"included"
"npm"	"shebang-command"	"2.0.0"	"MIT"	"shebang-command_2.0.0__license"	"included"
"npm"	"shebang-regex"	"3.0.0"	"MIT"	"shebang-regex_3.0.0__license"	"included"
"npm"	"sliced"	"1.0.1"	"MIT"	"sliced_1.0.1__LICENSE"	"included"
"npm"	"source-map-js"	"1.2.1"	"BSD-3-Clause"	"source-map-js_1.2.1__LICENSE"	"included"
"npm"	"strictdom"	"1.0.1"	"MIT"	""	"missing"
"npm"	"stylis"	"4.4.0"	"MIT"	"stylis_4.4.0__LICENSE"	"included"
"npm"	"tabbable"	"6.5.0"	"MIT"	"tabbable_6.5.0__LICENSE"	"included"
"npm"	"tagged-tag"	"1.0.0"	"MIT"	"tagged-tag_1.0.0__license"	"included"
"npm"	"tinyexec"	"1.3.1"	"MIT"	"tinyexec_1.3.1__LICENSE"	"included"
"npm"	"to-regex-range"	"5.0.1"	"MIT"	"to-regex-range_5.0.1__LICENSE"	"included"
"npm"	"ts-dedent"	"2.3.0"	"MIT"	"ts-dedent_2.3.0__LICENSE"	"included"
"npm"	"tslib"	"2.8.1"	"0BSD"	"tslib_2.8.1__LICENSE.txt"	"included"
"npm"	"tunnel-rat"	"0.1.2"	"MIT"	"tunnel-rat_0.1.2__LICENSE"	"included"
"npm"	"type-fest"	"5.10.0"	"(MIT OR CC0-1.0)"	"type-fest_5.10.0__license-cc0;type-fest_5.10.0__license-mit"	"included"
"npm"	"use-callback-ref"	"1.3.3"	"MIT"	"use-callback-ref_1.3.3__LICENSE"	"included"
"npm"	"use-sidecar"	"1.1.3"	"MIT"	"use-sidecar_1.1.3__LICENSE"	"included"
"npm"	"use-sync-external-store"	"1.6.0"	"MIT"	"use-sync-external-store_1.6.0__LICENSE"	"included"
"npm"	"uuid"	"14.0.2"	"MIT"	"uuid_14.0.2__LICENSE.md"	"included"
"npm"	"vscode-jsonrpc"	"8.2.0"	"MIT"	"vscode-jsonrpc_8.2.0__License.txt"	"included"
"npm"	"vscode-languageserver"	"9.0.1"	"MIT"	"vscode-languageserver_9.0.1__License.txt"	"included"
"npm"	"vscode-languageserver-protocol"	"3.17.5"	"MIT"	"vscode-languageserver-protocol_3.17.5__License.txt"	"included"
"npm"	"vscode-languageserver-textdocument"	"1.0.14"	"MIT"	"vscode-languageserver-textdocument_1.0.14__License.txt"	"included"
"npm"	"vscode-languageserver-types"	"3.17.5"	"MIT"	"vscode-languageserver-types_3.17.5__License.txt"	"included"
"npm"	"vscode-uri"	"3.0.8"	"MIT"	"vscode-uri_3.0.8__LICENSE.md"	"included"
"npm"	"w3c-keyname"	"2.2.8"	"MIT"	"w3c-keyname_2.2.8__LICENSE"	"included"
"npm"	"webworkify"	"1.5.0"	"MIT"	"webworkify_1.5.0__LICENSE"	"included"
"npm"	"which"	"2.0.2"	"ISC"	"which_2.0.2__LICENSE"	"included"
"npm"	"zustand"	"4.5.7"	"MIT"	"zustand_4.5.7__LICENSE"	"included"
